Min_x,Max_x,Min_y,Max_y,Min_z,Max_z
23,232,30,121,30,32
4,2,45,53,45,288
2,23,40,23,40,40
-50,45,25,5,25,5
12,66,32,54,32,12
34,35,36,37,38,-39
88,36,37,91,92,93
72.8,37,38,37,114,32
89.31428571,38,39,91,144,-39
105.8285714,39,40,37,174,67
122.3428571,40,41,91,988,12
138.8571429,41,42,37,56,345